"Handle","Title","Body (HTML)","Vendor","Type","Tags","Published","Option1 Name","Option1 Value","Option2 Name","Option2 Value","Option3 Name","Option3 Value","Variant SKU","Variant Inventory Tracker","Variant Inventory Qty","Variant Inventory Policy","Variant Fulfillment Service","Variant Price","Variant Requires Shipping","Variant Taxable","Image Src","Image Position","Image Alt Text","Status"
"arc-modular-sofa","Arc modular sofa","<p>A low, generous silhouette with rounded arms, deep seats and a quietly recessed walnut base. Arc is designed around the way you actually live: feet up, book open, everyone welcome.</p>","FORME","Sofas","FORME-portfolio, Sofas, Linen, bouclé or wool","FALSE","Size","Compact","Upholstery","Linen","Colour","Oat","FRM-ARC-COM-LIN-OAT","shopify","20","deny","manual","3400.00","TRUE","TRUE","https://raw.githubusercontent.com/azerish25-ux/FORME-A-luxury-furniture-store-with-an-interactive-3D-product-configurator/main/assets/arc-modular-sofa.webp","1","Arc modular sofa — original studio render","draft"
"arc-modular-sofa","","","","","","FALSE","Size","Compact","Upholstery","Linen","Colour","Moss","FRM-ARC-COM-LIN-MOSS","shopify","20","deny","manual","3400.00","TRUE","TRUE","","","","draft"
"arc-modular-sofa","","","","","","FALSE","Size","Compact","Upholstery","Linen","Colour","Clay","FRM-ARC-COM-LIN-CLAY","shopify","20","deny","manual","3400.00","TRUE","TRUE","","","","draft"
"arc-modular-sofa","","","","","","FALSE","Size","Compact","Upholstery","Linen","Colour","Ink","FRM-ARC-COM-LIN-INK","shopify","20","deny","manual","3400.00","TRUE","TRUE","","","","draft"
"arc-modular-sofa","","","","","","FALSE","Size","Compact","Upholstery","Bouclé","Colour","Oat","FRM-ARC-COM-BOU-OAT","shopify","20","deny","manual","3640.00","TRUE","TRUE","","","","draft"
"arc-modular-sofa","","","","","","FALSE","Size","Compact","Upholstery","Bouclé","Colour","Moss","FRM-ARC-COM-BOU-MOSS","shopify","20","deny","manual","3640.00","TRUE","TRUE","","","","draft"
"arc-modular-sofa","","","","","","FALSE","Size","Compact","Upholstery","Bouclé","Colour","Clay","FRM-ARC-COM-BOU-CLAY","shopify","20","deny","manual","3640.00","TRUE","TRUE","","","","draft"
"arc-modular-sofa","","","","","","FALSE","Size","Compact","Upholstery","Bouclé","Colour","Ink","FRM-ARC-COM-BOU-INK","shopify","20","deny","manual","3640.00","TRUE","TRUE","","","","draft"
"arc-modular-sofa","","","","","","FALSE","Size","Compact","Upholstery","Wool","Colour","Oat","FRM-ARC-COM-WOO-OAT","shopify","20","deny","manual","3880.00","TRUE","TRUE","","","","draft"
"arc-modular-sofa","","","","","","FALSE","Size","Compact","Upholstery","Wool","Colour","Moss","FRM-ARC-COM-WOO-MOSS","shopify","20","deny","manual","3880.00","TRUE","TRUE","","","","draft"
"arc-modular-sofa","","","","","","FALSE","Size","Compact","Upholstery","Wool","Colour","Clay","FRM-ARC-COM-WOO-CLAY","shopify","20","deny","manual","3880.00","TRUE","TRUE","","","","draft"
"arc-modular-sofa","","","","","","FALSE","Size","Compact","Upholstery","Wool","Colour","Ink","FRM-ARC-COM-WOO-INK","shopify","20","deny","manual","3880.00","TRUE","TRUE","","","","draft"
"arc-modular-sofa","","","","","","FALSE","Size","Generous","Upholstery","Linen","Colour","Oat","FRM-ARC-GEN-LIN-OAT","shopify","20","deny","manual","4050.00","TRUE","TRUE","","","","draft"
"arc-modular-sofa","","","","","","FALSE","Size","Generous","Upholstery","Linen","Colour","Moss","FRM-ARC-GEN-LIN-MOSS","shopify","20","deny","manual","4050.00","TRUE","TRUE","","","","draft"
"arc-modular-sofa","","","","","","FALSE","Size","Generous","Upholstery","Linen","Colour","Clay","FRM-ARC-GEN-LIN-CLAY","shopify","20","deny","manual","4050.00","TRUE","TRUE","","","","draft"
"arc-modular-sofa","","","","","","FALSE","Size","Generous","Upholstery","Linen","Colour","Ink","FRM-ARC-GEN-LIN-INK","shopify","20","deny","manual","4050.00","TRUE","TRUE","","","","draft"
"arc-modular-sofa","","","","","","FALSE","Size","Generous","Upholstery","Bouclé","Colour","Oat","FRM-ARC-GEN-BOU-OAT","shopify","20","deny","manual","4290.00","TRUE","TRUE","","","","draft"
"arc-modular-sofa","","","","","","FALSE","Size","Generous","Upholstery","Bouclé","Colour","Moss","FRM-ARC-GEN-BOU-MOSS","shopify","20","deny","manual","4290.00","TRUE","TRUE","","","","draft"
"arc-modular-sofa","","","","","","FALSE","Size","Generous","Upholstery","Bouclé","Colour","Clay","FRM-ARC-GEN-BOU-CLAY","shopify","20","deny","manual","4290.00","TRUE","TRUE","","","","draft"
"arc-modular-sofa","","","","","","FALSE","Size","Generous","Upholstery","Bouclé","Colour","Ink","FRM-ARC-GEN-BOU-INK","shopify","20","deny","manual","4290.00","TRUE","TRUE","","","","draft"
"arc-modular-sofa","","","","","","FALSE","Size","Generous","Upholstery","Wool","Colour","Oat","FRM-ARC-GEN-WOO-OAT","shopify","20","deny","manual","4530.00","TRUE","TRUE","","","","draft"
"arc-modular-sofa","","","","","","FALSE","Size","Generous","Upholstery","Wool","Colour","Moss","FRM-ARC-GEN-WOO-MOSS","shopify","20","deny","manual","4530.00","TRUE","TRUE","","","","draft"
"arc-modular-sofa","","","","","","FALSE","Size","Generous","Upholstery","Wool","Colour","Clay","FRM-ARC-GEN-WOO-CLAY","shopify","20","deny","manual","4530.00","TRUE","TRUE","","","","draft"
"arc-modular-sofa","","","","","","FALSE","Size","Generous","Upholstery","Wool","Colour","Ink","FRM-ARC-GEN-WOO-INK","shopify","20","deny","manual","4530.00","TRUE","TRUE","","","","draft"
"arc-modular-sofa","","","","","","FALSE","Size","Chaise","Upholstery","Linen","Colour","Oat","FRM-ARC-CHA-LIN-OAT","shopify","20","deny","manual","4700.00","TRUE","TRUE","","","","draft"
"arc-modular-sofa","","","","","","FALSE","Size","Chaise","Upholstery","Linen","Colour","Moss","FRM-ARC-CHA-LIN-MOSS","shopify","20","deny","manual","4700.00","TRUE","TRUE","","","","draft"
"arc-modular-sofa","","","","","","FALSE","Size","Chaise","Upholstery","Linen","Colour","Clay","FRM-ARC-CHA-LIN-CLAY","shopify","20","deny","manual","4700.00","TRUE","TRUE","","","","draft"
"arc-modular-sofa","","","","","","FALSE","Size","Chaise","Upholstery","Linen","Colour","Ink","FRM-ARC-CHA-LIN-INK","shopify","20","deny","manual","4700.00","TRUE","TRUE","","","","draft"
"arc-modular-sofa","","","","","","FALSE","Size","Chaise","Upholstery","Bouclé","Colour","Oat","FRM-ARC-CHA-BOU-OAT","shopify","20","deny","manual","4940.00","TRUE","TRUE","","","","draft"
"arc-modular-sofa","","","","","","FALSE","Size","Chaise","Upholstery","Bouclé","Colour","Moss","FRM-ARC-CHA-BOU-MOSS","shopify","20","deny","manual","4940.00","TRUE","TRUE","","","","draft"
"arc-modular-sofa","","","","","","FALSE","Size","Chaise","Upholstery","Bouclé","Colour","Clay","FRM-ARC-CHA-BOU-CLAY","shopify","20","deny","manual","4940.00","TRUE","TRUE","","","","draft"
"arc-modular-sofa","","","","","","FALSE","Size","Chaise","Upholstery","Bouclé","Colour","Ink","FRM-ARC-CHA-BOU-INK","shopify","20","deny","manual","4940.00","TRUE","TRUE","","","","draft"
"arc-modular-sofa","","","","","","FALSE","Size","Chaise","Upholstery","Wool","Colour","Oat","FRM-ARC-CHA-WOO-OAT","shopify","20","deny","manual","5180.00","TRUE","TRUE","","","","draft"
"arc-modular-sofa","","","","","","FALSE","Size","Chaise","Upholstery","Wool","Colour","Moss","FRM-ARC-CHA-WOO-MOSS","shopify","20","deny","manual","5180.00","TRUE","TRUE","","","","draft"
"arc-modular-sofa","","","","","","FALSE","Size","Chaise","Upholstery","Wool","Colour","Clay","FRM-ARC-CHA-WOO-CLAY","shopify","20","deny","manual","5180.00","TRUE","TRUE","","","","draft"
"arc-modular-sofa","","","","","","FALSE","Size","Chaise","Upholstery","Wool","Colour","Ink","FRM-ARC-CHA-WOO-INK","shopify","0","deny","manual","5180.00","TRUE","TRUE","","","","draft"
"arc-modular-sofa","","","","","","","","","","","","","","","","","","","","","https://raw.githubusercontent.com/azerish25-ux/FORME-A-luxury-furniture-store-with-an-interactive-3D-product-configurator/main/assets/arc-gallery-side.webp","2","Arc modular sofa — alternate view",""
"arc-modular-sofa","","","","","","","","","","","","","","","","","","","","","https://raw.githubusercontent.com/azerish25-ux/FORME-A-luxury-furniture-store-with-an-interactive-3D-product-configurator/main/assets/arc-tailoring-detail.webp","3","Arc modular sofa — alternate view",""
"arc-modular-sofa","","","","","","","","","","","","","","","","","","","","","https://raw.githubusercontent.com/azerish25-ux/FORME-A-luxury-furniture-store-with-an-interactive-3D-product-configurator/main/assets/arc-gallery-moss.webp","4","Arc modular sofa — alternate view",""
"arc-modular-sofa","","","","","","","","","","","","","","","","","","","","","https://raw.githubusercontent.com/azerish25-ux/FORME-A-luxury-furniture-store-with-an-interactive-3D-product-configurator/main/assets/arc-gallery-clay.webp","5","Arc modular sofa — alternate view",""
"vale-lounge-chair","Vale lounge chair","<p>A sculpted timber frame cradles a softly upholstered seat. Small in footprint, generous in comfort. Vale brings a little warmth to the space between everything else.</p>","FORME","Seating","FORME-portfolio, Seating, Natural oak","FALSE","Finish","Natural","","","","","FRM-VALE--01","shopify","12","deny","manual","1450.00","TRUE","TRUE","https://raw.githubusercontent.com/azerish25-ux/FORME-A-luxury-furniture-store-with-an-interactive-3D-product-configurator/main/assets/vale-lounge-chair.webp","1","Vale lounge chair — original studio render","draft"
"miro-dining-chair","Miro dining chair","<p>An open, curved back and a softly upholstered seat, grounded by a solid oak frame. A dining chair with no hurry to leave the table.</p>","FORME","Seating","FORME-portfolio, Seating, Smoked oak","FALSE","Finish","Natural","","","","","FRM-MIRO--01","shopify","12","deny","manual","620.00","TRUE","TRUE","https://raw.githubusercontent.com/azerish25-ux/FORME-A-luxury-furniture-store-with-an-interactive-3D-product-configurator/main/assets/miro-dining-chair.webp","1","Miro dining chair — original studio render","draft"
"monolith-coffee-table","Monolith coffee table","<p>Honed travertine, softened at every edge. Two sculptural supports carry a pill-shaped top; natural mineral variation makes each piece its own.</p>","FORME","Tables","FORME-portfolio, Tables, Honed travertine","FALSE","Finish","Natural","","","","","FRM-MONOL-01","shopify","12","deny","manual","1280.00","TRUE","TRUE","https://raw.githubusercontent.com/azerish25-ux/FORME-A-luxury-furniture-store-with-an-interactive-3D-product-configurator/main/assets/monolith-coffee-table.webp","1","Monolith coffee table — original studio render","draft"
"trestle-dining-table","Trestle dining table","<p>Long lines, softened corners and a solid oak surface that welcomes the marks of a life well lived. A balanced frame keeps the space underneath beautifully open.</p>","FORME","Tables","FORME-portfolio, Tables, Natural oak","FALSE","Finish","Natural","","","","","FRM-TREST-01","shopify","12","deny","manual","2680.00","TRUE","TRUE","https://raw.githubusercontent.com/azerish25-ux/FORME-A-luxury-furniture-store-with-an-interactive-3D-product-configurator/main/assets/trestle-dining-table.webp","1","Trestle dining table — original studio render","draft"
"silo-side-table","Silo side table","<p>A fluted cylinder in warm walnut, finished with a smooth round top. A place for the book, the glass, the small things that make a room yours.</p>","FORME","Tables","FORME-portfolio, Tables, Walnut","FALSE","Finish","Natural","","","","","FRM-SILO--01","shopify","12","deny","manual","480.00","TRUE","TRUE","https://raw.githubusercontent.com/azerish25-ux/FORME-A-luxury-furniture-store-with-an-interactive-3D-product-configurator/main/assets/silo-side-table.webp","1","Silo side table — original studio render","draft"
"line-console","Line console","<p>An exceptionally slender oak console with a calm, architectural profile. A grounding line in an entrance, behind a sofa or along a quiet wall.</p>","FORME","Tables","FORME-portfolio, Tables, Natural oak","FALSE","Finish","Natural","","","","","FRM-LINE--01","shopify","12","deny","manual","1640.00","TRUE","TRUE","https://raw.githubusercontent.com/azerish25-ux/FORME-A-luxury-furniture-store-with-an-interactive-3D-product-configurator/main/assets/line-console.webp","1","Line console — original studio render","draft"
"lumen-floor-lamp","Lumen floor lamp","<p>A pleated linen shade, a slender bronze stem and a low weighted base. Warm, diffused light that changes the feeling of a room without taking it over.</p>","FORME","Lighting","FORME-portfolio, Lighting, Linen","FALSE","Finish","Warm white","","","","","FRM-LUMEN-01","shopify","12","deny","manual","760.00","TRUE","TRUE","https://raw.githubusercontent.com/azerish25-ux/FORME-A-luxury-furniture-store-with-an-interactive-3D-product-configurator/main/assets/lumen-floor-lamp.webp","1","Lumen floor lamp — original studio render","draft"
"halo-pendant","Halo pendant","<p>A softly rounded paper form that floats above a table or in a quiet corner. The shade turns a single point of light into an atmosphere.</p>","FORME","Lighting","FORME-portfolio, Lighting, Washi-inspired paper","FALSE","Finish","Warm white","","","","","FRM-HALO--01","shopify","0","deny","manual","540.00","TRUE","TRUE","https://raw.githubusercontent.com/azerish25-ux/FORME-A-luxury-furniture-store-with-an-interactive-3D-product-configurator/main/assets/halo-pendant.webp","1","Halo pendant — original studio render","draft"
"pebble-table-lamp","Pebble table lamp","<p>Two smooth ceramic forms meet in a softly balanced table lamp. A warm pool of light for bedsides, shelves and unhurried evenings.</p>","FORME","Lighting","FORME-portfolio, Lighting, Matte ceramic","FALSE","Finish","Warm white","","","","","FRM-PEBBL-01","shopify","12","deny","manual","390.00","TRUE","TRUE","https://raw.githubusercontent.com/azerish25-ux/FORME-A-luxury-furniture-store-with-an-interactive-3D-product-configurator/main/assets/pebble-table-lamp.webp","1","Pebble table lamp — original studio render","draft"
"arc-ottoman","Arc ottoman","<p>A softly upholstered extension of the Arc family. Pull it close, move it aside, give the room another way to work.</p>","FORME","Sofas","FORME-portfolio, Sofas, Natural linen","FALSE","Finish","Natural","","","","","FRM-ARC-O-01","shopify","12","deny","manual","680.00","TRUE","TRUE","https://raw.githubusercontent.com/azerish25-ux/FORME-A-luxury-furniture-store-with-an-interactive-3D-product-configurator/main/assets/arc-ottoman.webp","1","Arc ottoman — original studio render","draft"
"material-library","The material library","<p>Six generous fabric swatches to see in your light and feel in your hands. Includes natural linen, textured bouclé and soft wool in our considered palette.</p>","FORME","Samples","FORME-portfolio, Samples, Linen","FALSE","Finish","Natural","","","","","FRM-MATER-01","shopify","12","deny","manual","15.00","TRUE","TRUE","https://raw.githubusercontent.com/azerish25-ux/FORME-A-luxury-furniture-store-with-an-interactive-3D-product-configurator/main/assets/material-library.webp","1","The material library — original studio render","draft"
